text,intent
Can I contact international office?,contact
Can I pay fees in installments?,fees
Is payment available 24/7?,fees
What is the process to join?,admission
Can I get a fee summary?,fees
Thanks for giving me details,thanks
Who invented the telephone?,unknown
How do plants grow?,unknown
Can you help me find my schedule?,timetable
When is support available?,contact
Can I pay using bank transfer?,fees
Where do I start my application?,admission
Where can I view my class plan?,timetable
"Hey, can you assist me today?",greeting
What is the procedure to join?,admission
What is today's forecast?,unknown
I am ending the chat,goodbye
"Farewell, until next time",goodbye
How do I contact timetable office?,contact
How do I move to another course?,courses
Can I check timetable for next week?,timetable
Thank you again for your support,thanks
Is timetable available in student system?,timetable
How do I know if I paid successfully?,fees
Greetings,greeting
I will come back soon,goodbye
I will go now,goodbye
Are business programmes available?,courses
Can you explain the admission process?,admission
What is the official email address?,contact
"Hey, wishing you a great day",greeting
I really appreciate your assistance,thanks
I appreciate your assistance,thanks
Where can I log in to pay fees?,fees
I want to know the payment deadline,fees
"Hey, how are you?",greeting
How do I join this university?,admission
Where can I send general questions?,contact
Can I download my class timetable?,timetable
Can I apply this semester?,admission
How do I submit an enquiry?,contact
Thank you for the quick help,thanks
Are there full-time programmes?,courses
Can I contact online?,contact
Goodbye until later,goodbye
Say something funny,unknown
How do I complete enrollment?,admission
Where do I ask about admission?,contact
Can we play chess?,unknown
What courses require prior knowledge?,courses
Thanks for explaining,thanks
Can I pay fees using online transfer?,fees
Where is Japan?,unknown
Is there notification for timetable changes?,timetable
I will reconnect later,goodbye
Good afternoon,greeting
Can I choose multiple courses?,courses
"Thank you, really appreciate it",thanks
Thanks for getting back to me,thanks
How do I get admission confirmation?,admission
Is there a late payment penalty?,fees
Can you dance?,unknown
Open Google Maps,unknown
Where do I contact for admission?,contact
Can you sing a song?,unknown
Who can assist me?,contact
Where can I see latest timetable?,timetable
Where do I upload my admission documents?,admission
"Hello, greetings",greeting
"Thanks, that makes sense",thanks
"Thanks, I will go now",goodbye
What courses have good career prospects?,courses
Talk to you later today,goodbye
How do I apply for a course?,admission
Can I contact through portal?,contact
Which courses are in high demand?,courses
Is timetable available on app?,timetable
What qualifications are needed for courses?,courses
How do I pay my fees step by step?,fees
How do I check if my payment is successful?,fees
What diploma courses are available?,courses
I need help with admission,admission
What is my total tuition cost?,fees
Thank you so much for your help,thanks
Where do I view my class schedule?,timetable
Where can I see updated timetable?,timetable
Where can I find contact details?,contact
How do I apply now?,admission
How can I apply as a new student?,admission
Do you offer diploma in business?,courses
How do I contact during office hours?,contact
"Thanks, problem solved",thanks
I appreciate your help today,thanks
Can I pay fees using credit card?,fees
Do you have short courses?,courses
Do you offer diploma in IT?,courses
What are trending programmes?,courses
Can I find my timetable on the system?,timetable
"Thanks, I learned something new",thanks
Where is the university office?,contact
Bye for now,goodbye
How do I know subject schedule?,timetable
"I am done, goodbye",goodbye
How do I contact through social media?,contact
"Hi, friendly greetings",greeting
How do I check my fee balance?,fees
Will it be hot today?,unknown
How do I select a programme?,courses
Do ghosts exist?,unknown
"Thanks, catch you later",goodbye
Can I take computing courses?,courses
Good day,greeting
Are there any diploma programmes?,courses
Please tell me what courses are available,courses
"Hi, I am back",greeting
Hey everyone,greeting
How do I check class by course?,timetable
"That is it, bye",goodbye
"Hi, I am looking for help",greeting
Thanks for the information provided,thanks
What is admission contact?,contact
Who handles admission enquiries?,contact
"Hi, are you active?",greeting
Can I apply without visiting campus?,admission
Thank you for your assistance today,thanks
How do I pay my fees?,fees
Where do I find my first timetable?,timetable
Can you help me with fee payment?,fees
What is the process for new student registration?,admission
"See you later, enjoy your day",goodbye
"Hello, polite greetings",greeting
Thanks for the answer,thanks
How do I pay fees after admission?,fees
"Farewell, goodbye for now",goodbye
Who should I contact for admission?,contact
Are there extra charges?,fees
Read my palm,unknown
Where do I send my questions?,contact
What is the biggest ocean?,unknown
Can you write song lyrics?,unknown
Is there a payment counter?,fees
Goodbye for now,goodbye
"Bye, talk soon",goodbye
Is there a contact number?,contact
Can you help me with admission?,admission
Can I pay fees before the deadline?,fees
Do you offer data science courses?,courses
"Thank you, bye for now",goodbye
"Hello, I need assistance",greeting
"Hello, can you assist me?",greeting
Can I speak to someone by phone?,contact
Hi everyone,greeting
Where is the class schedule option?,timetable
Can I check my fees online?,fees
See you later today,goodbye
How do I complete payment online?,fees
"Hello, how are you?",greeting
How do I message support?,contact
What is the first payment step?,fees
Who handles fee enquiries?,contact
I really appreciate your help,thanks
How do I contact student services?,contact
"That is all, goodbye",goodbye
Can I get a payment receipt?,fees
"Thanks, appreciate your help",thanks
Is there an online admission system?,admission
I want to check my fees,fees
What is the office location?,contact
Who handles general enquiries?,contact
"Bye, have a nice day",goodbye
Catch you later today,goodbye
"Hi, can you help me?",greeting
"Thanks, that was informative",thanks
"Hey, long time no see",greeting
"Hi, hope you're doing well",greeting
How do I cook rice?,unknown
What is the full admission process?,admission
How do I enroll for classes?,admission
What is the best video game?,unknown
"Hey, I am back",greeting
"Hey, can I get some information?",greeting
Do you provide engineering courses?,courses
"Hey, good evening to you",greeting
How do I request payment extension?,fees
"Thank you, catch you later",goodbye
I will message later,goodbye
"Thanks, that was quick",thanks
Do you offer degree courses?,courses
Is there a late fee charge?,fees
"Thanks, that is all I needed",thanks
Goodbye bot,goodbye
Where do I apply for courses?,admission
How do I pay fees from another country?,fees
Thank you for giving me details,thanks
What degree programmes are available?,courses
Where can I check my remaining balance?,fees
Where do I find my class times?,timetable
What should I buy for dinner?,unknown
What day is it today?,unknown
Can I see timetable before classes start?,timetable
Can I pay through mobile banking?,fees
Thank you for clearing that up,thanks
Hi there again,greeting
Can you speak Korean?,unknown
Can I download my timetable?,timetable
What is the square root of 49?,unknown
"Bye, see you later",goodbye
Should I invest in gold?,unknown
"Good afternoon, I have a question",greeting
I need to leave now,goodbye
How do I pay fees online?,fees
"Hey, warm greetings",greeting
What is the weather like?,unknown
Tell me a bedtime story,unknown
"That was really helpful, thanks",thanks
What options do I have for study?,courses
Is online chat available?,contact
Can I view my schedule online?,timetable
I need help from the office,contact
How do I confirm my admission?,admission
"Hey, I have a question",greeting
"Hi, good morning to you",greeting
Are there any business degrees?,courses
"Hey, have a great day",greeting
What steps are involved in admission?,admission
Can I apply through the website?,admission
Can I take engineering here?,courses
Hi chatbot again,greeting
What games do you play?,unknown
Can I print my class schedule?,timetable
How can I find out my class schedule?,timetable
Do you offer computer science?,courses
Thank you for your help today,thanks
Can I call timetable office?,contact
"Hello, can you support me?",greeting
Can I pay fees in cash?,fees
How do I renew my passport?,unknown
What do I need to pay fees?,fees
Can you suggest lunch ideas?,unknown
"Thank you, goodbye for now",goodbye
"Farewell, take care",goodbye
"Goodbye, have a good day",goodbye
How do I email the university?,contact
Thanks for the support,thanks
I am very grateful,thanks
Is there a support email?,contact
Say a joke please,unknown
How do I begin my admission application?,admission
What is my class schedule for tomorrow?,timetable
What is needed to join?,admission
What is the score now?,unknown
Are course transfers allowed?,courses
Thanks for your effort,thanks
How do I access the payment system?,fees
Can I access timetable from student portal?,timetable
Please explain how to apply,admission
How do I check my subjects timetable?,timetable
I am signing off,goodbye
"Hello, everything okay?",greeting
Can you list the courses offered?,courses
"Thank you, that is all I needed",thanks
How much is the tuition fee?,fees
How do I know when my classes are?,timetable
"Hi, I need assistance",greeting
How do I check timetable as a new student?,timetable
What is the process to change courses?,courses
What is my destiny?,unknown
"Hey, I'm here",greeting
Turn off the lights,unknown
What programmes are offered here?,courses
How do I learn more about courses?,courses
Do you offer skill-based courses?,courses
Thank you for the explanation,thanks
Is timetable downloadable?,timetable
How do international students pay fees?,fees
Can I see my payment history?,fees
Thanks assistant,thanks
How do I email finance department?,contact
Thanks for the quick support,thanks
How do I access my fee records?,fees
What is the date today?,unknown
Bye until later,goodbye
Where can I apply online?,admission
Can you repair my printer?,unknown
What is the best way to contact the university?,contact
What is the best dessert?,unknown
How can I make payment quickly?,fees
Who discovered America?,unknown
Where can I check my class schedule today?,timetable
"See you, have a great day",goodbye
Who manages class schedules?,contact
How can I join this course?,admission
"Hi, I want to ask something",greeting
Are you happy?,unknown
Can you give me contact info?,contact
Do you offer flexible study options?,courses
Can I take courses without experience?,courses
What is Bitcoin price now?,unknown
"Hey, I need guidance",greeting
"Hello, hope you're doing well",greeting
Is online payment safe?,fees
Why is my computer overheating?,unknown
Where can I see subject timings?,timetable
How can I apply successfully?,admission
What is admission phone number?,contact
Hi AI,greeting
How old are you?,unknown
"Thank you, see you later",goodbye
See you tomorrow,goodbye
Is there international contact number?,contact
Who handles class schedule enquiries?,contact
Open YouTube for me,unknown
Do you have business courses?,courses
Where do new students pay fees?,fees
Can you show me available degree programmes?,courses
How do I apply step by step?,admission
How do I apply for admission online step by step?,admission
Can you guide me through admission?,admission
Where can I export my timetable?,timetable
"Thanks, appreciate your support",thanks
What courses are available this semester?,courses
"Thank you, that was informative",thanks
Who is the prime minister?,unknown
Will I be rich?,unknown
What course should I take?,courses
What is the admin office email?,contact
How do I check my upcoming timetable?,timetable
How do I check my timetable for this week?,timetable
Do you provide undergraduate courses?,courses
Thank you bot,thanks
"Hi, I have a quick question",greeting
How do I track timetable changes?,timetable
Can I access my timetable from the website?,timetable
Can I modify my course selection?,courses
Do you have courses in finance?,courses
Translate this sentence,unknown
Please tell me the fee amount,fees
Where do I check payment details?,fees
How do I contact for information?,contact
How do I check if my timetable has changed?,timetable
I want to check my fee balance,fees
"See you, have a nice evening",goodbye
What time do my classes start?,timetable
Do you offer specialized programmes?,courses
What is the population of China?,unknown
"Hello, I just entered",greeting
Please list all courses,courses
"Hi, can we chat?",greeting
When can I apply for admission?,admission
Hey again,greeting
"Hey, can you help me?",greeting
What is finance contact?,contact
"Hello, can we talk?",greeting
Is there a deadline for application?,admission
Thanks for the clear answer,thanks
What documents are required for admission?,admission
What science courses do you offer?,courses
I need to know my tuition fees,fees
"Hello, nice to see you",greeting
Where is my class schedule located?,timetable
What is the admin email?,contact
"Thanks, I appreciate it",thanks
How do I check my subjects schedule?,timetable
Tell me something funny,unknown
Where is the admin department?,contact
What is artificial intelligence?,unknown
What does this word mean?,unknown
Can you tell me the admission steps?,admission
Thank you for replying quickly,thanks
Can I email from abroad?,contact
"Bye, take care of yourself",goodbye
Thanks for your assistance,thanks
Is there a course catalog?,courses
What is the contact information?,contact
"Thanks, bye",goodbye
Bye bye,goodbye
Thanks again for your support,thanks
Which office handles enquiries?,contact
What degrees are available?,courses
Can I apply for admission this month?,admission
Thank you for sharing the information,thanks
How do I request installment?,fees
"Thank you, that helps a lot",thanks
Can you set an alarm?,unknown
Thanks for the fast reply,thanks
"Farewell, see you soon",goodbye
How do I contact for general enquiries?,contact
I will log out now,goodbye
Where do I find course timetable?,timetable
Do you feel tired?,unknown
Where can I view course descriptions?,courses
What subjects can I enroll in?,courses
When does admission open?,admission
How do I register for classes?,admission
"Thank you, goodbye",goodbye
Can I contact the university directly?,contact
I need to talk to someone,contact
"Hey, I need assistance",greeting
What number should I dial?,contact
How do I ensure my payment is recorded?,fees
That helps a lot,thanks
What happens if I don't pay on time?,fees
Can I enroll without visiting?,admission
How do I pay using bank transfer?,fees
What are the available majors?,courses
Do you offer foundation courses?,courses
Can I negotiate payment terms?,fees
Thank you for assisting me today,thanks
Thanks a bunch,thanks
What is the enrollment process?,admission
"Goodbye, thanks again",goodbye
Thanks heaps,thanks
"Goodbye, have a great evening",goodbye
"Thank you, talk soon",goodbye
Where can I get payment details?,fees
"Thank you, that was useful",thanks
Can I delay my fee payment?,fees
Where is the application link?,admission
"Hey, I want some information",greeting
How do I know when lectures are?,timetable
Is there a portal for fee payment?,fees
What information is available about courses?,courses
"Bye, chat soon",goodbye
How do I view my schedule?,timetable
I will return soon,goodbye
Can I download my receipt?,fees
Bye assistant,goodbye
How do I pay tuition fees?,fees
What classes do I have next?,timetable
What is my starting schedule?,timetable
Can I study artificial intelligence?,courses
Bye chatbot,goodbye
How do I complete the admission registration?,admission
Can timetable be updated?,timetable
Are there IT programmes available?,courses
Can you entertain me?,unknown
Which course is best for me?,courses
What is a prime number?,unknown
Thanks AI,thanks
How can I get accepted?,admission
What is the easiest way to pay fees?,fees
What should I do after payment?,fees
What are the payment options?,fees
What programmes do you have?,courses
What courses are best for future jobs?,courses
How do I confirm my tuition payment?,fees
"Hey, how is your day?",greeting
How do I access my class schedule?,timetable
"Hi, I need some information",greeting
What is my current fee balance?,fees
Thank you for the support,thanks
Where can I see my enrolled class schedule?,timetable
I will chat again later,goodbye
Can I contact for help?,contact
"Goodbye, see you later",goodbye
When is the next World Cup?,unknown
"Hello, I want to ask something",greeting
How can I see my schedule?,timetable
Hello,greeting
"Thank you, that answers my question",thanks
Open my camera,unknown
What courses are offered this year?,courses
Where can I see my class timetable?,timetable
Can I apply online for admission?,admission
Where is enquiry office?,contact
Can I reach student services?,contact
What is inflation?,unknown
Can new students view timetable?,timetable
What time is contact available?,contact
Thanks again for the information,thanks
What is a healthy breakfast?,unknown
"Hello, I would like some help",greeting
Where do I see my upcoming schedule?,timetable
Hey there,greeting
How do I contact the university by email?,contact
What steps should I follow to apply?,admission
Let's play tic tac toe,unknown
"Hi, greetings",greeting
How do I access my full timetable?,timetable
Where can I find payment instructions?,fees
How much is an iPhone?,unknown
Thank you chatbot,thanks
Bye for tonight,goodbye
Sing happy birthday,unknown
"Hey, nice to see you",greeting
Who can help me with my issue?,contact
How do I get support?,contact
"Thanks, see you next time",goodbye
Can you help with calculus?,unknown
What if I miss the payment deadline?,fees
Can you check Apple stock?,unknown
How do I contact help desk?,contact
Can you show me the available programmes?,courses
How do I change my programme?,courses
How do I make a payment online?,fees
Can I enroll in this university?,admission
What courses are trending now?,courses
What happens after I pay fees?,fees
What is your favourite color?,unknown
How do I know how much to pay?,fees
Thank you for solving my issue,thanks
Can I check my tuition fees online?,fees
How do I open my timetable?,timetable
"Thank you, that was helpful",thanks
"Hey, I just arrived",greeting
I need information about programmes,courses
"Thanks, this is helpful",thanks
"Thank you, catch you later",goodbye
What are the study options?,courses
What courses are available internationally?,courses
Thank you for taking the time,thanks
"Thank you, problem solved",thanks
Can I access timetable from phone?,timetable
Thank you,thanks
Is it sunny today?,unknown
What courses are available for new students?,courses
What is general enquiry contact?,contact
Thank you for the answer,thanks
Where can I view my enrolled classes?,timetable
Is online application available?,admission
How do I contact through website?,contact
How do I get in touch with the university?,contact
"Alright, see you later",goodbye
"Okay, goodbye",goodbye
"Thanks, see you soon",goodbye
I would like to enroll as a student,admission
Is there any additional charge?,fees
"That is all I needed, goodbye",goodbye
I will stop here,goodbye
How do I access the application form?,admission
Can I see my class details?,timetable
Where do I ask about timetable?,contact
How do I handle initial fees?,fees
Do you provide IT-related courses?,courses
What courses can I enroll in?,courses
Where can I get the phone number?,contact
I need information about my timetable,timetable
Thanks for the detailed explanation,thanks
What is the due date for fees?,fees
Can you start a game?,unknown
"Hello, I need information",greeting
"Hello, nice to meet you",greeting
Are installment payments available?,fees
See you later,goodbye
Is there an admission portal?,admission
"Thank you, have a great day",thanks
Are weekend courses available?,courses
Are there fast-track courses?,courses
How do I join the university?,admission
Many thanks,thanks
Is there an app for timetable?,timetable
"Thank you, much appreciated",thanks
How do I apply for degree programs?,admission
How do I pay my tuition online?,fees
What is the office address?,contact
How can I join as a new student?,admission
I need help with tuition fees,fees
See you chatbot,goodbye
What are the tuition fees?,fees
Thank you for the quick support,thanks
How is the stock market today?,unknown
Thank you for the guidance,thanks
Thanks for taking the time to help,thanks
Can you call my friend?,unknown
What courses are flexible?,courses
I want to contact the university,contact
What programmes can I choose?,courses
What is contact for international students?,contact
"Farewell, catch you later",goodbye
I will talk again later,goodbye
What are the popular courses?,courses
Is online payment available?,fees
Hi chatbot,greeting
I want to check my timetable,timetable
Where can I find my next class time?,timetable
How do I view timetable on tablet?,timetable
Can I ask general questions?,contact
"Hello, are you available?",greeting
"Bye, that is all for now",goodbye
Where am I?,unknown
Thank you AI,thanks
How do I apply to this university?,admission
Thank you for the detailed explanation,thanks
Can I pay fees at the office?,fees
Do you like Minecraft?,unknown
What is the email for enquiries?,contact
Hey system,greeting
Do you have a joke for me?,unknown
Can I pay fees using ATM?,fees
Can you unlock the door?,unknown
"Thanks, that solves my problem",thanks
What do I need before applying for admission?,admission
Tell me a funny story,unknown
"Hello, I just need some help",greeting
"Hi, I need your help",greeting
"Hey, it's me again",greeting
How do I calculate BMI?,unknown
Thank you for clarifying,thanks
Where is the nearest mall?,unknown
"Hello, good to see you",greeting
How do I contact admissions office?,contact
"Thanks, goodbye",goodbye
Are there courses in engineering?,courses
Where can I submit my admission form?,admission
Can I enroll as a full-time student?,admission
What is student services contact?,contact
How much do I owe?,fees
"Hey, can I chat with you?",greeting
What are the best places to visit?,unknown
How can I reach the office?,contact
Where is the class timetable page?,timetable
Can I apply through the portal?,admission
"Thanks, I got it",thanks
"See you, talk soon",goodbye
"Thank you, see you",thanks
"Hi, can I talk to you?",greeting
Thanks for sharing the information,thanks
"Okay, ending chat, goodbye",goodbye
When can I reach staff?,contact
Where can I get admission application details?,admission
Can I get full programme details?,courses
How do I pay fees as a new student?,fees
I want to know how to apply,admission
What do I need to register?,admission
What courses are available online?,courses
How can I begin the admission process?,admission
"Bye, stay safe",goodbye
Is there a contact form?,contact
What should I prepare for admission?,admission
I appreciate your response,thanks
Goodbye assistant,goodbye
Where can I register?,admission
"Hey, friendly greetings",greeting
Thank you very much for your assistance,thanks
How do I sign up as a student?,admission
How do I access timetable for first semester?,timetable
What is included in tuition fees?,fees
Can I view my timetable on my phone?,timetable
Hi there,greeting
See you in the morning,goodbye
Is there confirmation after payment?,fees
How do I convert currency for payment?,fees
What are the course options?,courses
Please show me my timetable,timetable
Where can I print my schedule?,timetable
"I am finished, goodbye",goodbye
"Hello, glad to see you",greeting
Where do I submit my application?,admission
How can I enter this university?,admission
"See you later, goodbye",goodbye
How do I reach the admin office?,contact
Can I call admission office?,contact
What are the programme requirements?,courses
How much should I pay this semester?,fees
Can you send an email?,unknown
"See you later, talk soon",goodbye
Who should I contact for help?,contact
What is the procedure for admission?,admission
"Thanks, see you",thanks
"Hi, I just came in",greeting
Is there a support chat?,contact
"Hi, I'm here",greeting
How can I get admitted?,admission
How do I pay fees without errors?,fees
"Thank you, that was quick",thanks
"Hello, I need some help",greeting
"See you next time, talk soon",goodbye
"Hey, glad to see you",greeting
What is the hotline number?,contact
How can I secure admission?,admission
Where can I buy a laptop?,unknown
How do I track my application?,admission
Where do I access my class timetable online?,timetable
How do I get into this university?,admission
Is online payment available globally?,fees
"See you, that is enough for now",goodbye
How do I use the payment system?,fees
Who can I contact?,contact
When can I call the office?,contact
Where do international students ask?,contact
Are postgraduate courses available?,courses
How do I view future classes?,timetable
I am interested in your programmes,courses
How do I apply for the upcoming intake?,admission
How can I check my daily class schedule?,timetable
Hi,greeting
Where do I register for admission?,admission
Are there prerequisites for courses?,courses
Is it cloudy outside?,unknown
Write me a poem,unknown
"Hello, I am back",greeting
Give me a recipe for pasta,unknown
How do I go to the office?,contact
How do I check timetable on mobile?,timetable
I want to see today's classes,timetable
What courses can I finish quickly?,courses
I want to ask a question,contact
How do I get my timetable?,timetable
Thanks for solving my issue,thanks
How do I contact by phone?,contact
How do I register for admission online?,admission
Can I share my timetable?,timetable
"Thanks, see you later",goodbye
Who handles student enquiries?,contact
Thanks again,thanks
I appreciate the quick response,thanks
Where do I begin enrollment?,admission
What do I need before applying?,admission
"Hello, good afternoon to you",greeting
How do I get admission approval?,admission
Can you turn on Bluetooth?,unknown
What courses can I choose from?,courses
Can I study computer science here?,courses
"Hello, can you help me with something?",greeting
Thank you for the clear answer,thanks
Thanks so much for your help,thanks
Thanks for the reply,thanks
How do I apply for studies here?,admission
How do I proceed with my application?,admission
Where do I check my subject timings?,timetable
What is the first step for admission?,admission
What IT subjects are available?,courses
"Hey, hope you're doing well",greeting
"See you later, take care",goodbye
How far is Kuala Lumpur from Penang?,unknown
Thanks for the quick help,thanks
What programmes are open for enrollment?,courses
"Goodbye, see you soon",goodbye
"Goodbye, talk soon",goodbye
"Thank you, this is helpful",thanks
How do I keep a copy of my timetable?,timetable
Do you offer flexible course options?,courses
How do I check my lecture schedule?,timetable
Thank you again for your help,thanks
How do I check upcoming lectures?,timetable
What is required to enroll?,admission
Can I use international bank transfer?,fees
"Hey, I need some assistance",greeting
How do I get a PDF of my timetable?,timetable
"Hi, have a good day",greeting
Where do I send my application?,admission
Where can I ask questions?,contact
Hi again,greeting
I want to reach student services,contact
Where do I contact for payment issues?,contact
How can I enroll in a program?,admission
What is the capital of France?,unknown
Can I study marketing?,courses
What is the enrollment requirement?,admission
"Thank you, everything is clear now",thanks
How do I get help from support?,contact
Will it rain today?,unknown
Can you guide me through the enrollment process?,admission
Can I upgrade my course?,courses
Talk again later today,goodbye
Which department should I contact?,contact
Can I pay fees in advance?,fees
What courses are offered?,courses
Thanks for the information,thanks
Do I need an umbrella today?,unknown
Can I request fee extension?,fees
Can I view my timetable for all subjects?,timetable
See you later tonight,goodbye
Can I see the full list of programmes?,courses
"Bye, see you soon",goodbye
Can you predict my life?,unknown
What is the admission process?,admission
Is there a fee payment portal?,fees
"Thanks, bye",thanks
Talk to you tomorrow,goodbye
Who am I?,unknown
"Thank you, bye",goodbye
How do I check payment status?,fees
Where is live chat option?,contact
Are you a real person?,unknown
"Bye, all the best",goodbye
"Hey, I just joined",greeting
"Thanks, everything is clear now",thanks
Hello again,greeting
"Hi, warm greetings",greeting
Can you draw a cat?,unknown
What are the requirements to apply?,admission
"Hey, nice to meet you",greeting
Goodbye for tonight,goodbye
Thank you for your time,thanks
Do you offer part-time courses?,courses
"Thank you, bye",goodbye
When will I receive my timetable?,timetable
What subjects are included in your programmes?,courses
Thanks for responding,thanks
Thanks for the help today,thanks
Thank you for the information provided,thanks
Is the office open now?,contact
Do you know Roblox?,unknown
Are there management courses?,courses
Thanks bot,thanks
"Hey, are you free?",greeting
When is the admission period?,admission
Is there any discount on fees?,fees
Thanks for your support today,thanks
Can you recommend a restaurant?,unknown
"Thank you, appreciate your support",thanks
What is the temperature outside?,unknown
What programmes are popular among students?,courses
How much do I need to pay?,fees
Can I view schedule by subject?,timetable
How do I contact the registrar?,contact
Thanks chatbot,thanks
How do I reach global office?,contact
Where can I find my timetable?,timetable
How do I navigate to timetable page?,timetable
Who do I talk to about courses?,contact
Can you guide me on admission?,admission
Is admission easy?,admission
"Hello, how is everything?",greeting
"Thank you, I understand now",thanks
I will talk to you again,goodbye
"Thank you, appreciate your help",thanks
Thank you very much,thanks
"Hey, I would like some help",greeting
How do I apply here?,admission
Thank you for your support today,thanks
Do you offer short-term courses?,courses
How do I check lecture times?,timetable
How can I pay my outstanding fees?,fees
How can I check my timetable?,timetable
What is the total fee amount?,fees
Can I order pizza here?,unknown
Are there certificate courses?,courses
What are the available programmes?,courses
When is the application closing date?,admission
I want to choose a course,courses
"Hey, greetings",greeting
Do you know any jokes?,unknown
Can you recommend a programme?,courses
How do I access timetable from the portal?,timetable
What are the requirements for applying?,admission
What happens if I pay late?,fees
What is the latest football score?,unknown
Thanks a lot,thanks
Good afternoon again,greeting
Can I contact the university by phone?,contact
Can I study accounting?,courses
What do I need to apply?,admission
"Hi, I need guidance",greeting
Is there a grace period for payment?,fees
"Goodbye, take care",goodbye
Where should I apply?,admission
How many countries are there?,unknown
Where can I send enquiries?,contact
"Hi, can you respond?",greeting
"Bye, have a great evening",goodbye
Can I download course information?,courses
How do I find the office?,contact
How can I apply for admission?,admission
Hey there again,greeting
What documents do I need?,admission
What time can I contact?,contact
"Hello, long time no see",greeting
Can I take multiple programmes?,courses
Who is the best football player?,unknown
Thanks a million,thanks
How can I view my outstanding fees?,fees
"Hi, good to see you",greeting
"Hi, are you there?",greeting
What are the study options available?,courses
How much are the course fees?,fees
What is your favourite food?,unknown
What courses are easy to start?,courses
Are there courses related to IT?,courses
Where can I get more information?,contact
What is the enrollment procedure?,admission
Can I use e-wallet to pay fees?,fees
How do I email admission office?,contact
Thanks for clearing that up,thanks
What is the formula for area?,unknown
Can you unlock my phone?,unknown
How do I contact through chat?,contact
"Thank you, I appreciate it",thanks
Catch you soon,goodbye
Who is responsible for student support?,contact
Can I pay fees anytime?,fees
Is my timetable available online?,timetable
Who is the president?,unknown
How do I verify my payment?,fees
How can I submit admission forms?,admission
Where do I find my weekly timetable?,timetable
When should I pay my fees?,fees
"Bye, take care",goodbye
"Farewell, have a great day",goodbye
"Hi, nice to see you",greeting
Where is the contact page?,contact
"Alright, bye",goodbye
What is the office contact number?,contact
Is there a live chat support?,contact
What are admission criteria?,admission
I truly appreciate it,thanks
Where can I visit the admin office?,contact
Is there mobile access for timetable?,timetable
What are the office contact hours?,contact
Can I apply immediately?,admission
Talk to you later chatbot,goodbye
Where can I find the admission form?,admission
How can I enroll here?,admission
How do I find my fee breakdown?,fees
"Hello, I have something to ask",greeting
Where can I check my class schedule?,timetable
Generate a picture for me,unknown
Is there a fee payment schedule?,fees
What courses are advanced level?,courses
"Hi, how's your day?",greeting
What is needed for admission?,admission
Hello there again,greeting
How do I reset my password?,unknown
What is the easiest way to apply?,admission
"Hello, I would like some information",greeting
How do I see timetable without computer?,timetable
Can I study information technology?,courses
Can I pay fees using my bank account?,fees
Hello system,greeting
Is today a holiday?,unknown
Where is the course list available?,courses
"Okay, see you next time",goodbye
"See you, thanks",goodbye
When is the next game?,unknown
What subjects are available this year?,courses
Can I visit the office?,contact
What should I do to enroll?,admission
"Hello, I'm here",greeting
Where do I ask for help?,contact
What can I study here?,courses
I need help choosing a programme,courses
How do I check if my fees are paid?,fees
Can I contact billing office?,contact
How can I submit my form?,admission
Can I check my class plan for the week?,timetable
"Thanks, I am satisfied",thanks
Do you offer business programmes?,courses
Can I log in to check timetable anywhere?,timetable
"Hi, how is it going?",greeting
Where do I confirm payment?,fees
How do I complete application online?,admission
Where do I log in to see my schedule?,timetable
Where do I ask about fees?,contact
Show my timetable,timetable
"Hello, are you ready?",greeting
Thanks for clarifying,thanks
What is my zodiac sign?,unknown
How do I reach out online?,contact
Thanks for the quick response,thanks
Catch you later,goodbye
Do you offer courses in technology?,courses
What is the tallest mountain?,unknown
Is there an online form for admission?,admission
Bye bot,goodbye
What time is my math class?,timetable
See you later on,goodbye
Is this place haunted?,unknown
Can you solve algebra?,unknown
Is there a breakdown of fees?,fees
Can I check my class timings online?,timetable
"Farewell, talk soon",goodbye
"Thanks, talk to you later",goodbye
Can I reach the help desk?,contact
Good evening,greeting
Are online courses available?,courses
"Hello, I am here again",greeting
What courses are suitable for beginners?,courses
"Okay, talk to you later",goodbye
"Thanks, bye for now",goodbye
Is the economy getting better?,unknown
"Thank you, see you later",goodbye
Which programmes can I study?,courses
Can you guide me on courses?,courses
How can I get course details?,courses
Can I enroll today?,admission
What time is it now?,unknown
Who won the Olympics?,unknown
How do I know my fee amount?,fees
"Hey, I would like to ask something",greeting
Can I call finance office?,contact
Thank you again,thanks
How do I confirm my payment?,fees
Can I register online?,admission
What programmes can I join this semester?,courses
Where do I make fee payment?,fees
"Thanks, have a nice day",thanks
Hello assistant,greeting
Can I pay my fees online?,fees
Is luck real?,unknown
I need information about admission,admission
"Hi, can you guide me?",greeting
Thank you again for the information,thanks
What is the price of oil?,unknown
"Bye, thanks again",goodbye
How do I check additional fees?,fees
I want to know my class timing,timetable
I want to play a game,unknown
Where can I check my lectures?,timetable
Can I see today's classes?,timetable
How do I fill the application form?,admission
How many courses are available?,courses
What is the contact email?,contact
How do I manage my fee payment?,fees
Is online enrollment possible?,admission
"Hi, polite greetings",greeting
What is the phone number to call?,contact
Can I choose electives in my course?,courses
How do I manage my tuition payments?,fees
Hey,greeting
What is the address of the university?,contact
"Thanks, have a great day",thanks
Are there beginner courses?,courses
"Thanks, goodbye",goodbye
How do I know my lecture timetable?,timetable
Can I check timetable remotely?,timetable
What payment options are available for international students?,fees
Can you book a hotel for me?,unknown
See you,goodbye
See you next time chatbot,goodbye
"Hello, I have a question",greeting
How do I print my timetable?,timetable
Hey chatbot,greeting
Can you act like a pirate?,unknown
What is required to join courses?,admission
"Hey, are you online?",greeting
How do I know my class times?,timetable
Can I contact through app?,contact
Do you have IT courses?,courses
Can you explain cricket rules?,unknown
How do I complete first payment?,fees
Thank you for responding,thanks
Farewell,goodbye
Can I check my timetable online anytime?,timetable
Talk soon,goodbye
"Thank you, bye",thanks
Is there extra charge for international payment?,fees
Where can I apply for admission?,admission
Do you offer advanced programmes?,courses
Where do I check my lecture schedule online?,timetable
Can I change my course later?,courses
How do I choose a course?,courses
What courses can help my career?,courses
How do I reach timetable support?,contact
"Hi, what's up?",greeting
Can I check my timetable anytime?,timetable
Thank you for assisting me,thanks
How do I bake a cake?,unknown
Can I apply anytime?,admission
"Thank you, have a nice day",thanks
I will visit again later,goodbye
Thank you very kindly,thanks
Where can I check admission requirements?,admission
Can I check my timetable through the student portal?,timetable
Why is my WiFi disconnected?,unknown
"Thanks, talk to you later",goodbye
Where can I pay my tuition fees?,fees
"Okay, I will go now",goodbye
Where can I view my timetable information?,timetable
Where do I pay my tuition?,fees
I want to pay my fees,fees
"Hi, I am here again",greeting
Please tell me how to pay fees,fees
What are my payment options available?,fees
Can you recommend a mobile game?,unknown
"I am done here, goodbye",goodbye
What should I do first to apply?,admission
Talk to you later,goodbye
"Hello, friendly greetings",greeting
How do I register as a new student?,admission
"Alright, I am done, goodbye",goodbye
What is the payment process?,fees
Do you have science programmes?,courses
Can I contact via email?,contact
"Thanks, goodbye",goodbye
Good evening again,greeting
Hi assistant,greeting
Hello bot,greeting
Can I apply from home?,admission
How do I get my initial schedule?,timetable
Thanks for assisting me today,thanks
"Good morning, I need help",greeting
Good night,goodbye
What is needed for registration?,admission
Thanks for the explanation,thanks
Where do I see my subject timetable?,timetable
How do I write to the university?,contact
How do I see my timetable for this month?,timetable
Is it raining now?,unknown
Can I choose a different programme later?,courses
"Thanks, really appreciate it",thanks
"Thank you, take care",thanks
"Good evening, can you assist me?",greeting
Why are cats afraid of water?,unknown
What is the university phone number?,contact
How do I check timetable for each subject?,timetable
Is there weekend support?,contact
Where do I upload documents?,admission
Can I pay fees before enrollment?,fees
Can I apply through email?,admission
I want to check my class times,timetable
"Goodbye, enjoy your day",goodbye
Hi system,greeting
Are there courses in software development?,courses
"Thanks, much appreciated",thanks
Catch you later bot,goodbye
Can you explain the available courses?,courses
How do I track my payment?,fees
Can I study remotely?,courses
How do I start my application?,admission
"Farewell, have a nice day",goodbye
Can you explain how to enroll?,admission
"Hello, wishing you a nice day",greeting
Good morning again,greeting
Should I buy shares now?,unknown
What courses are open for admission?,courses
Hey bot,greeting
How do international students check fees?,fees
"Everything is clear now, goodbye",goodbye
Thanks again for your help,thanks
Can I contact after working hours?,contact
Bye,goodbye
Where can I see my payment history?,fees
I want to apply for admission,admission
Thanks system,thanks
"Hi, glad to see you",greeting
What is the deadline for payment?,fees
"Thanks, talk to you later",goodbye
Can you guide me on fee payment?,fees
What is your name?,unknown
Can I apply for admission without visiting campus?,admission
What are the steps to apply?,admission
"Hey, what's new?",greeting
Thank you for your effort,thanks
How many days are in this month?,unknown
Where do I contact for timetable issues?,contact
"Thanks, that was useful",thanks
Why is the sky blue?,unknown
Can I access timetable easily?,timetable
What payment methods are accepted?,fees
How do I talk to student support?,contact
How do I reach finance department?,contact
Is there a guide for fee payment?,fees
Who won the match yesterday?,unknown
Where can I see my timetable updates?,timetable
Where do I download my schedule?,timetable
Where can I see my fee statement?,fees
Thank you for your help,thanks
What programmes are suitable for working students?,courses
What are the steps to enroll?,admission
How do I complete the admission steps?,admission
Thanks once again,thanks
What is the cost of tuition?,fees
"Goodbye, chat soon",goodbye
Can I see my timetable for upcoming classes?,timetable
Thank you kindly,thanks
Where can I see my weekly class schedule?,timetable
"Hi, long time no see",greeting
What is your hobby?,unknown
Can I contact timetable department?,contact
See you around,goodbye
Who should I email for support?,contact
What documents must I prepare?,admission
Can I get a list of all available courses?,courses
Why is my laptop slow?,unknown
How can I contact the university?,contact
How do I register for admission?,admission
See you next time,goodbye
Thanks for solving my problem,thanks
Can you suggest popular courses?,courses
What classes do I have today?,timetable
Play some music,unknown
I am leaving now,goodbye
My screen is broken,unknown
Can I use online banking to pay?,fees
When are my classes?,timetable
What is my next subject?,timetable
Where do new students check schedule?,timetable
Do you like music?,unknown
"Hi, it's me again",greeting
How do I reach from another country?,contact
"Hello, it's me again",greeting
Hello everyone,greeting
How do I check my class timing?,timetable
"Hi bot, how are you?",greeting
Hey there chatbot,greeting
What is the process of applying?,admission
How do I fix my phone?,unknown
Can I pay fees through apps?,fees
Where can I find today's schedule?,timetable
What is my daily schedule?,timetable
Can I apply now?,admission
What are the accepted payment methods?,fees
What is the timing for my course?,timetable
What time is my next class?,timetable
What is the admission requirement?,admission
How do I send my documents?,admission
How do I enroll in a course?,courses
What is 2 plus 2?,unknown
Please give me contact details,contact
Where is the airport?,unknown
How do I view my course schedule?,timetable
How do I apply as an international student?,admission
Much appreciated,thanks
What year is it now?,unknown
I appreciate it,thanks
Do you offer evening classes?,courses
Can I contact admission team?,contact
"Hi, can you answer my question?",greeting
I need to see my class schedule,timetable
Hello AI,greeting
Which team is on top of the league?,unknown
What happens after I complete payment?,fees
What courses are suitable for my interest?,courses
How do I know what classes I have?,timetable
What is finance phone number?,contact
When should I apply?,admission
Where can I find programme information?,courses
See you again today,goodbye
Can you make me laugh?,unknown
Can you tell my future?,unknown
How do I settle overdue fees?,fees
"Hi there, how can you help me?",greeting
How do I pay my fees securely?,fees
What time zone is this?,unknown
Where do I check my classes?,timetable
How can I apply successfully online?,admission
Can I study business management?,courses
"Hi, how are you?",greeting
How is the weather today?,unknown
See you next time again,goodbye
Can you recommend popular programmes?,courses
How do I contact information desk?,contact
How do I access my weekly schedule?,timetable
How do I get a copy of my timetable?,timetable
How do I view my fee details?,fees
How do I apply for university admission easily?,admission
I will come back later,goodbye
Thanks for your guidance,thanks
Where can I send an email?,contact
"Hi, I just logged in",greeting
Where can I contact student services?,contact
Can I call the university?,contact
Write a love letter,unknown
Which courses are recommended?,courses
When can I start applying?,admission
What is my schedule for today?,timetable
What is the fastest way to contact?,contact
"Hi, wishing you a good day",greeting
How do I email schedule office?,contact
How long do I boil eggs?,unknown
What is the best phone to buy?,unknown
How do I check timetable after enrollment?,timetable
Is it easy to transfer courses?,courses
How do I open timetable in portal?,timetable
Good morning,greeting
What email should I use?,contact
"See you later today, goodbye",goodbye
How do I apply quickly?,admission
How do I get started with admission?,admission
"Alright, I am leaving now",goodbye
How do I divide fractions?,unknown
"Hello, how's your day going?",greeting
Where can I buy shoes?,unknown
What is the current time in Malaysia?,unknown
What fields of study are available?,courses
Where can I view timetable on mobile?,timetable
How do I see upcoming classes?,timetable
See you soon,goodbye
How do I open a bank account?,unknown
Can I refresh my timetable?,timetable
How do I save my timetable?,timetable
How do I reach support staff?,contact
Bye for today,goodbye
Goodbye,goodbye
Thanks for helping me,thanks
What is the safest way to pay fees?,fees
Can new students pay fees online?,fees
Where can I check my timetable details?,timetable
Can you teach me cooking?,unknown
Where can I see my class schedule?,timetable
Where should I travel this year?,unknown
I will chat again later,goodbye
I am done chatting,goodbye
"Thank you, I learned something new",thanks
Can I pay fees monthly?,fees
"See you, stay safe",goodbye
Is there a system to check my fees?,fees
Thanks for your help today,thanks
How can I view my timetable for today?,timetable
How do I check schedule on phone?,timetable
Where can I get my fee receipt?,fees
Thank you for explaining,thanks
When is the payment deadline?,fees
How do I confirm my class schedule?,timetable
"Bye, have a good day",goodbye
Can you tell me the time?,unknown
How do I calculate my fees?,fees
How do I apply for studies?,admission
Thanks so much,thanks
Where can I view my tuition balance?,fees
Where can I view my class schedule?,timetable
"Alright, catch you later",goodbye
"Hello, have a nice day",greeting
"Hi, can I ask something?",greeting
Thank you for getting back to me,thanks
How can I contact quickly?,contact
What technology courses do you offer?,courses
I have to go now,goodbye
Hey AI,greeting
Are courses open to all students?,courses
"Thanks, see you next time",goodbye
Can you quiz me on movies?,unknown
Can I check my timetable on the portal?,timetable
Thank you system,thanks
"Farewell, see you later",goodbye
Can I pay fees using my phone?,fees
Thank you assistant,thanks
"Thanks, see you soon",goodbye
"Catch you later, talk soon",goodbye
How do I enroll in a programme?,admission
"Hello, I just joined",greeting
What happens if I change programmes?,courses
Can I pay fees through online banking?,fees
Thanks for your time,thanks
Thank you for your support today,thanks
"Hello, warm greetings",greeting
Have a nice evening,goodbye
I need to contact admin,contact
Is there a guide for admission application?,admission
"Thanks, that answers my question",thanks
I want to register as a student,admission
"Thank you, I am satisfied",thanks
How do I reach admission department?,contact
How do I access course details?,courses
Can I contact via WhatsApp?,contact
What programmes are currently available?,courses
Can international students choose any course?,courses
What is the payment method for new students?,fees
How do I know if class time changes?,timetable
"Thank you, that makes sense",thanks
Have a good night,goodbye
How can I check tomorrow's classes?,timetable
How can I settle my fees?,fees
How do I apply step by step online?,admission
Please tell me how to apply,admission
Where is my timetable?,timetable
"Thanks, I understand now",thanks
Is there a penalty for late payment?,fees
What programmes can I apply for?,courses
How do I reach by telephone?,contact
"Goodbye, stay safe",goodbye
Where can I find support contact?,contact
I will be back later,goodbye
"Thanks, take care",thanks
"Hey, how are things?",greeting
Do you provide courses for beginners?,courses
I am done for now,goodbye
What is the office contact line?,contact
Thanks for your support today,thanks
Where is the timetable section?,timetable
Can I see the course list?,courses
Can you find me a taxi?,unknown
"Hi, I need help",greeting
How can I call the university?,contact
Thank you once again,thanks
What is timetable office contact?,contact
Where can I contact international support?,contact
Goodbye chatbot,goodbye
What courses fit my interests?,courses
"Thanks, bye",goodbye
Can I check my timetable anytime online?,timetable
Is there a way to track my payments?,fees
"Thank you, that solves my problem",thanks
"Thanks, that helps a lot",thanks
Thanks,thanks
Where is student services located?,contact
How do I enroll as a student?,admission
"Good evening, goodbye",goodbye
Can I pay fees from overseas?,fees
Where can I shop online?,unknown
How do I complete my application?,admission
What should I eat today?,unknown
"Hey, I have a question for you",greeting
How do I check fee status online?,fees
What is the NBA schedule?,unknown
"See you soon, take care",goodbye
Where is the support office?,contact
Is admission open now?,admission
Where is student support?,contact
How do I avoid penalty charges?,fees
Are there beginner-friendly programmes?,courses
Can you help me pack for travel?,unknown
How do international students contact?,contact
"Hi, nice to meet you",greeting
Is admission available online?,admission
Goodbye for today,goodbye
How do I see my timetable online?,timetable
"Hey, all good?",greeting
When is my programming class?,timetable
How can I avoid late fees?,fees
What is the exchange rate today?,unknown
"Goodbye, that is all for now",goodbye
Hey assistant,greeting
Can I contact from overseas?,contact
"Thanks, that was helpful",thanks
"Goodbye, have a nice day",goodbye
Can I use foreign currency to pay?,fees
Thank you for making it clear,thanks
I want to know about courses,courses
"Hi, everything good?",greeting
"Thanks, see you",goodbye
How do I contact finance office?,contact
Can I submit my application online?,admission
Make me smile,unknown
What are the course categories?,courses
How do I find my timetable for this semester?,timetable
Can I message the university?,contact
"Hello, what's going on?",greeting
How do I know my next lecture?,timetable
What subjects are included in courses?,courses
Good to see you,greeting
What courses can I take?,courses
"Bye, enjoy your day",goodbye
How do I update Windows?,unknown
What is required for application?,admission
"Hello chatbot, how are you?",greeting
What is my lecture timetable?,timetable
What movies do you like?,unknown
What do I need for enrollment?,admission
What academic programmes are available?,courses
How do I check schedule updates?,timetable
Can I switch courses after enrolling?,courses
How can I become a student here?,admission
Thank you for solving my problem,thanks
Thanks for making it clear,thanks
What is my class schedule?,timetable
Can I buy groceries here?,unknown
Hello there,greeting
Where do I find subject schedules?,timetable
how can i submit my application,admission
where do i apply as a new student,admission
what documents do i need for admission,admission
when can i start my application,admission
can i apply using the online portal,admission
how do i register as a fresh student,admission
is there an application form online,admission
how long does the admission process take,admission
who should i contact for admission help,admission
can international students apply online,admission
how do i check my admission status,admission
what are the entry requirements,admission
where can i upload my admission documents,admission
can i apply for the next intake now,admission
how do i begin the enrollment process,admission
is there an application deadline,admission
what should i prepare before applying,admission
can i apply without visiting campus,admission
how do i join the university,admission
where can i find admission requirements,admission
what is needed for student enrollment,admission
how do i open an admission application,admission
can i apply for diploma intake online,admission
how do i continue my unfinished application,admission
who handles admission inquiries,admission
can i submit my application today,admission
where is the admission page,admission
how do i register for the upcoming intake,admission
what is the procedure for admission approval,admission
can i apply first and submit documents later,admission
where can i see the latest fee schedule,fees
how do i check my semester fees,fees
can i pay tuition by bank transfer,fees
what payment methods are available for fees,fees
when is the last date to pay fees,fees
how much is the registration fee,fees
can i pay my fees online,fees
where do i download the fee statement,fees
how much do i owe this semester,fees
is installment payment available for tuition,fees
can i view my payment history,fees
where can i find the tuition breakdown,fees
what is the amount for this course,fees
do i need to pay any admission fee,fees
can i make payment using credit card,fees
how do i know whether my payment was received,fees
where can i get a receipt for my fees,fees
what fees do new students need to pay,fees
is there a late payment penalty,fees
how much is the first semester payment,fees
can i pay part of my fees now,fees
where should international students pay fees,fees
how do i settle outstanding fees,fees
what is included in the tuition fee,fees
can i pay through online banking,fees
when should i complete fee payment,fees
how much are the program charges,fees
where do i check the payment deadline,fees
can i ask for a fee summary,fees
how do i confirm my tuition payment,fees
what programs are available this year,courses
which diploma courses can i choose,courses
do you have business programs,courses
what majors does the university offer,courses
can i study information technology here,courses
what course options are open for intake,courses
which programs are suitable for new students,courses
do you offer computer science degree,courses
what can i study at this university,courses
are there any accounting courses available,courses
which faculty offers it courses,courses
can you show me the list of programs,courses
what diploma programs do you have,courses
are there any postgraduate courses,courses
what are the available degree options,courses
do you offer short courses,courses
which business course is available,courses
can i see the course catalog,courses
what subjects are included in it program,courses
is there a diploma in business,courses
what engineering programs are available,courses
do you have software related courses,courses
what are the top courses offered,courses
where can i browse all programs,courses
can i compare different courses,courses
which course is best for computing,courses
do you offer data science course,courses
what are the course entry options,courses
how do i choose a program,courses
is there a list of available majors,courses
where can i check my class times,timetable
how do i open my timetable online,timetable
can i see today's class schedule,timetable
where is the timetable menu,timetable
how do i know when my lecture starts,timetable
can i view my weekly class plan,timetable
where do i find the schedule for this semester,timetable
how can i print my timetable,timetable
is my timetable available on the portal,timetable
where can i see my lecture hours,timetable
how do i check tomorrow's classes,timetable
can i download my class schedule,timetable
what time is my first class,timetable
where do i view subject timetable,timetable
how do i access lecture schedule,timetable
can i check timetable from my phone,timetable
where is my weekly schedule,timetable
how do i know my class room and time,timetable
when can i view the new semester timetable,timetable
how do i check timetable changes,timetable
where can i see my course schedule,timetable
what is my timetable for monday,timetable
how do i find my class calendar,timetable
is there a way to export my timetable,timetable
can i view timetable by subject,timetable
how do i look up class session time,timetable
where do students see their schedule,timetable
how can i know my lecture timetable,timetable
can i check my schedule after login,timetable
where can i find today's lecture plan,timetable
what is the university phone number,contact
how can i reach student services,contact
where can i get the office email,contact
who do i contact for general enquiries,contact
is there a hotline for students,contact
where is the admin office located,contact
how do i speak to the finance office,contact
what is the support email address,contact
can i contact the university by phone,contact
where can i find office contact details,contact
how do i call the admissions office,contact
who should i email for help,contact
what is the contact for registration office,contact
is there a whatsapp number for enquiries,contact
where can i find the campus office,contact
how do i contact the international office,contact
can i visit the administration office,contact
what are the office opening hours,contact
who handles student enquiries,contact
where do i send my questions,contact
how can i contact the help desk,contact
what is the email for academic office,contact
is there a customer service contact,contact
where can i find the finance department contact,contact
who do i call about student matters,contact
how do i contact the support team,contact
where is the student affairs office,contact
can i email someone for assistance,contact
what is the official contact channel,contact
how do i reach campus administration,contact
good morning chatbot,greeting
good evening chatbot,greeting
hello can you help me today,greeting
hi i need some help,greeting
hey can we start,greeting
hello are you available,greeting
hi are you online,greeting
good afternoon can you assist me,greeting
hey i have a question,greeting
nice to meet you chatbot,greeting
hi good to see you,greeting
hello i need assistance,greeting
hi can you answer something,greeting
hey i need information,greeting
morning,greeting
afternoon,greeting
evening,greeting
yo hello,greeting
hi again bot,greeting
hey are you free,greeting
good morning i need info,greeting
hello may i ask something,greeting
thanks for your help,thanks
thank you for helping me,thanks
thanks that was helpful,thanks
thank you so much,thanks
thanks i appreciate it,thanks
thanks for answering,thanks
thank you for your response,thanks
thanks for the quick answer,thanks
really appreciate your help,thanks
that helps thank you,thanks
thanks for the guidance,thanks
thank you for your assistance,thanks
great thanks,thanks
alright thank you,thanks
okay thanks,thanks
thank you very much for the help,thanks
cheers thanks,thanks
i appreciate the information,thanks
thank you for the clear guidance,thanks
thanks that answers my question,thanks
have a nice day bye,goodbye
thanks bye,goodbye
alright goodbye,goodbye
until next time,goodbye
goodnight,goodbye
take care bye,goodbye
that is all goodbye,goodbye
ok bye,goodbye
have a good day bye,goodbye
talk again later,goodbye
bye and thanks,goodbye
i am done bye,goodbye
have a good evening bye,goodbye
bye take care,goodbye
ending chat now,goodbye
i need to go goodbye,goodbye
what is the weather today,unknown
tell me a joke,unknown
who won the football match,unknown
what is two plus two,unknown
how do i cook pasta,unknown
who is the prime minister,unknown
what movies are popular now,unknown
how far is the moon,unknown
what time is it now,unknown
translate this sentence to french,unknown
book me a flight,unknown
set an alarm for seven,unknown
how do i lose weight fast,unknown
what is the stock price today,unknown
can you predict my future,unknown
what is the capital of japan,unknown
tell me a fun fact,unknown
who invented the telephone,unknown
what is the latest news,unknown
can you solve this math problem,unknown
how do i fix my wifi,unknown
recommend me a restaurant,unknown
what is bitcoin,unknown
who is the richest person,unknown
write code for a calculator,unknown
summarize this article,unknown
how to make coffee,unknown
how to apply ah,admission
apply how,admission
how can i register,admission
can i enroll online,admission
where to apply for course,admission
how to become student,admission
how to join this university,admission
what need for admission,admission
what are entry requirements,admission
can i apply now,admission
fee how much,fees
how much fee need pay,fees
what is total fee,fees
can pay by installment or not,fees
got installment plan or not,fees
how to pay fees online,fees
can i pay by bank transfer,fees
when need pay fees,fees
payment deadline when,fees
how much per semester,fees
what course available,courses
what programme got,courses
what can i study here,courses
got IT course or not,courses
got business course,courses
what degree offered,courses
what diploma available,courses
course list please,courses
what subject can take,courses
which course best,courses
where check timetable,timetable
timetable where,timetable
how to see class schedule,timetable
where can i see my class time,timetable
when is my class,timetable
class schedule how to check,timetable
what time class start,timetable
how to view timetable,timetable
where find lecture schedule,timetable
my class time where,timetable
contact number,contact
who to contact,contact
how to contact university,contact
what is phone number,contact
email address what,contact
who can i ask,contact
where is office,contact
student service contact,contact
how to reach support,contact
any hotline number,contact
hi there,greeting
hello there,greeting
hey,greeting
good morning,greeting
good afternoon,greeting
good evening,greeting
yo,greeting
hi,greeting
hello,greeting
hey there,greeting
thanks,thanks
thank you,thanks
thank you so much,thanks
thanks a lot,thanks
appreciate it,thanks
ok thanks,thanks
thanks bro,thanks
thank you very much,thanks
thanks ya,thanks
ok thank you,thanks
bye,goodbye
goodbye,goodbye
see you,goodbye
see you later,goodbye
bye bye,goodbye
catch you later,goodbye
talk later,goodbye
ok bye,goodbye
see ya,goodbye
bye for now,goodbye
what is the weather today,unknown
tell me a joke,unknown
who won the football match,unknown
what time is it now,unknown
who is the president,unknown
what is your name,unknown
where is malaysia,unknown
how to cook rice,unknown
tell me something funny,unknown
what is 2 plus 2,unknown
how do i apply,admission
how to apply,admission
can i apply online,admission
where can i apply,admission
what is the admission process,admission
how do i register,admission
how to register for university,admission
when is intake,admission
when can i enroll,admission
what documents are needed for admission,admission
what document need for apply,admission
entry requirement for diploma,admission
what are the requirements,admission
can spm student apply,admission
how to join this university,admission
what is the fee,fees
what are the fees,fees
how much is the fee,fees
how much are the tuition fees,fees
what is the tuition fee,fees
how much to study here,fees
how much need to pay,fees
can i know the fee structure,fees
when do i pay fees,fees
how to pay my fees,fees
can i pay online,fees
is there installment for fees,fees
any scholarship available,fees
is ptptn available,fees
what is the registration fee,fees
what course do you offer,courses
what courses are available,courses
what programme do you offer,courses
what programs do you have,courses
what can i study here,courses
is there it course,courses
do you offer diploma,courses
do you offer degree,courses
what business course do you have,courses
what subject can i take,courses
course list please,courses
can you show me your programmes,courses
what faculty is available,courses
is computer science available,courses
what are the available courses,courses
where can i see my timetable,timetable
how to check timetable,timetable
where is my class schedule,timetable
show my timetable,timetable
show class timetable,timetable
how do i view class schedule,timetable
when is my class,timetable
what time is my class,timetable
where to check class time,timetable
how can i check my schedule,timetable
timetable for this semester,timetable
semester timetable,timetable
class schedule please,timetable
can i check timetable online,timetable
student timetable,timetable
how can i contact the university,contact
what is the phone number,contact
what is your email,contact
how do i contact admin,contact
where is the campus,contact
what is the office number,contact
can i have the hotline,contact
who can i talk to,contact
how to contact support,contact
admission office contact,contact
finance office contact,contact
student affairs contact,contact
university email address,contact
what is the location of the campus,contact
where are you located,contact
hello,greeting
hi,greeting
hey,greeting
good morning,greeting
good afternoon,greeting
good evening,greeting
hai,greeting
hello there,greeting
thanks,thanks
thank you,thanks
thank you so much,thanks
tq,thanks
thanks a lot,thanks
appreciate it,thanks
bye,goodbye
goodbye,goodbye
see you,goodbye
see you later,goodbye
bye bye,goodbye
ok bye,goodbye
what is the weather today,unknown
tell me a joke,unknown
who won the football match,unknown
how are you,unknown
what are you doing,unknown
do you love me,unknown
sing a song,unknown
who is the prime minister,unknown
what time is it,unknown
open youtube,unknown
what is the price,fees
how much is the price,fees
what is the cost,fees
how much does it cost,fees
what are the charges,fees
tuition cost,fees
course price,fees
price for diploma,fees
fee amount,fees
how much should i pay,fees
tell me about tar university,about_university
what is tar umt,about_university
tar university background,about_university
about tar umt,about_university
introduce tar university,about_university
what is this university,about_university
history of tar umt,history
when was tar established,history
background of tar college,history
tar university history,history
where is tar umt,location
tar umt location,location
where is the campus,location
which city is tar in,location
what facilities does tar have,facilities
what can students use in campus,facilities
library and labs available,facilities
what facilities provided,facilities
job opportunities after tar,career
is tar good for job,career
career support tar umt,career
Where is TARUMT located?,general
Is TARUMT a private university?,general
What does TARUMT stand for?,general
How many campuses does TARUMT have?,general
Is TARUMT recognized?,general
Can international students study at TARUMT?,international
How many students are in TARUMT?,general
How can I apply to TARUMT?,admission
How do I apply online?,admission
Where can I apply for TARUMT?,admission
Is there an application fee?,admission
How much is the application fee?,admission
When should I apply?,admission
What intake does TARUMT have?,admission
Does TARUMT have multiple intakes?,admission
What documents are required for admission?,admission
How do I register as a new student?,admission
What courses are available?,program
What can I study at TARUMT?,program
Does TARUMT offer diploma?,program
Does TARUMT offer degree?,program
How long is diploma?,program
How long is degree?,program
Is there foundation program?,program
How long is foundation?,program
What major can I take?,program
How much is tuition fee?,fees
How much are TARUMT fees?,fees
Is TARUMT expensive?,fees
How much diploma fee?,fees
How much degree fee?,fees
When do I pay fees?,fees
Can I pay fees late?,fees
Are there extra fees?,fees
What payment methods are available?,fees
Can I pay fees online?,fees
Does TARUMT provide scholarship?,scholarship
How can I get scholarship?,scholarship
Do I need to apply for scholarship?,scholarship
Can I get full scholarship?,scholarship
What are scholarship requirements?,scholarship
Is hostel available?,facility
Does TARUMT have hostel?,facility
What facilities are available?,facility
Does TARUMT have library?,facility
Is there wifi on campus?,facility
Is there cafeteria?,facility
Is student life good?,student_life
Are there clubs?,student_life
Are there sports activities?,student_life
Can I join events?,student_life
Can I work while studying?,student_life
Hello,greeting
Hi,greeting
Hey,greeting
Good morning,greeting
Good afternoon,greeting
Good evening,greeting
Thank you,thanks
Thanks a lot,thanks
I appreciate your help,thanks
Thanks for your support,thanks
Goodbye,goodbye
Bye,goodbye
See you later,goodbye
Talk to you later,goodbye
What is the weather today?,unknown
Tell me a joke,unknown
Who is the prime minister?,unknown
What time is it?,unknown
How do I cook rice?,unknown
how to apply,admission
apply how,admission
can i apply online,admission
where to apply,admission
how to register,admission
fee how much,fees
tuition fee how much,fees
how much to pay,fees
payment method what,fees
can pay installment,fees
what course available,program
what programme got,program
got IT course,program
got business course,program
what subject can take,program
timetable where,timetable
how to check timetable,timetable
where is class schedule,timetable
when is my class,timetable
how to see timetable,timetable
contact number,contact
how to contact university,contact
what is email address,contact
who can i contact,contact
where is office,contact
What is TARUMT known for?,general
Is TARUMT a good university?,general
Why study at TARUMT?,general
Is TARUMT popular in Malaysia?,general
Does TARUMT have good reputation?,general
When is TARUMT intake?,admission
How many intakes per year?,admission
Can I apply anytime?,admission
Is there deadline for application?,admission
How long does application process take?,admission
Can I apply without full results?,admission
Do I need interview?,admission
Can I change course after applying?,admission
What faculty does TARUMT have?,program
Does TARUMT offer IT courses?,program
Does TARUMT offer engineering?,program
Does TARUMT offer business courses?,program
Are there postgraduate programs?,program
Can I study computer science?,program
Can I study accounting?,program
Can I study engineering?,program
What is the duration of courses?,program
Are TARUMT fees affordable?,fees
Is TARUMT cheaper than other universities?,fees
What is the payment deadline?,fees
Can I pay fees by bank?,fees
Can I pay fees using online banking?,fees
Are there hidden fees?,fees
Do I need to pay registration fee?,fees
Is there late payment penalty?,fees
Does TARUMT give financial aid?,scholarship
Are there merit scholarships?,scholarship
Is scholarship automatic?,scholarship
Can I apply PTPTN?,scholarship
Is loan available?,scholarship
Does TARUMT provide accommodation?,facility
Is hostel inside campus?,facility
How is the hostel condition?,facility
Are there study rooms?,facility
Is there computer lab?,facility
Is there sports complex?,facility
Does TARUMT have gym?,facility
Is parking available?,facility
Is campus life fun?,student_life
Can I join clubs in TARUMT?,student_life
Are there student activities?,student_life
Can I join competitions?,student_life
Is there internship support?,student_life
Can I do part time job?,student_life
Do international students need visa?,international
What are requirements for international students?,international
Can foreigners apply TARUMT?,international
Is English required?,international
Do international students pay higher fees?,international
hello there,greeting
hi there,greeting
hey there,greeting
good day,greeting
nice to meet you,greeting
thanks,greeting
thank you very much,thanks
many thanks,thanks
appreciate it,thanks
thanks chatbot,thanks
bye bye,goodbye
see ya,goodbye
good night,goodbye
catch you later,goodbye
have a nice day,goodbye
how to check result,timetable
where to see result,timetable
how to view schedule,timetable
when is my class schedule,timetable
how to login portal,timetable
contact tarumt,contact
tarumt phone number,contact
tarumt email contact,contact
who should i contact,contact
tarumt office location,contact
what is ai,unknown
who is elon musk,unknown
how to make cake,unknown
what is python,unknown
tell me something funny,unknown
apply tarumt now,admission
i want to apply,admission
register now tarumt,admission
can i apply today,admission
how fast can i apply,admission
fee expensive or not,fees
is tuition high,fees
how much total cost,fees
can i pay later,fees
can split payment,fees
what course easy,program
which course popular,program
which course best,program
what should i study,program
course recommendation,program
hostel near tarumt,facility
where to stay,facility
can rent outside,facility
living cost tarumt,facility
food available campus,facility
student club tarumt,student_life
sports activity tarumt,student_life
event in tarumt,student_life
can join society,student_life
student experience tarumt,student_life
international apply tarumt,international
visa process tarumt,international
study malaysia tarumt,international
english test needed,international
ielts required tarumt,international